user_id,metal_type,price,source_type,source,retailer_id,fetch_date,fetch_timestamp,status
fe3d19d8-881c-471c-86f0-ebcea058bc3d,gold,5837.115367,global_api,Metals.dev,,2025-09-30,2025-09-30T00:00:00,success
fe3d19d8-881c-471c-86f0-ebcea058bc3d,platinum,2363.771142,global_api,Metals.dev,,2025-09-30,2025-09-30T00:00:00,success
fe3d19d8-881c-471c-86f0-ebcea058bc3d,silver,70.56049741,global_api,Metals.dev,,2025-09-30,2025-09-30T00:00:00,success
fe3d19d8-881c-471c-86f0-ebcea058bc3d,gold,5845.703657,global_api,Metals.dev,,2025-10-01,2025-10-01T00:00:00,success
fe3d19d8-881c-471c-86f0-ebcea058bc3d,platinum,2352.327375,global_api,Metals.dev,,2025-10-01,2025-10-01T00:00:00,success
fe3d19d8-881c-471c-86f0-ebcea058bc3d,silver,71.5582373,global_api,Metals.dev,,2025-10-01,2025-10-01T00:00:00,success
fe3d19d8-881c-471c-86f0-ebcea058bc3d,gold,5851.873208,global_api,Metals.dev,,2025-10-02,2025-10-02T00:00:00,success
fe3d19d8-881c-471c-86f0-ebcea058bc3d,platinum,2361.045779,global_api,Metals.dev,,2025-10-02,2025-10-02T00:00:00,success
fe3d19d8-881c-471c-86f0-ebcea058bc3d,silver,71.28886394,global_api,Metals.dev,,2025-10-02,2025-10-02T00:00:00,success
fe3d19d8-881c-471c-86f0-ebcea058bc3d,gold,5887.67611,global_api,Metals.dev,,2025-10-03,2025-10-03T00:00:00,success
fe3d19d8-881c-471c-86f0-ebcea058bc3d,platinum,2428.889562,global_api,Metals.dev,,2025-10-03,2025-10-03T00:00:00,success
fe3d19d8-881c-471c-86f0-ebcea058bc3d,silver,72.70110589,global_api,Metals.dev,,2025-10-03,2025-10-03T00:00:00,success
fe3d19d8-881c-471c-86f0-ebcea058bc3d,gold,5887.67611,global_api,Metals.dev,,2025-10-04,2025-10-04T00:00:00,success
fe3d19d8-881c-471c-86f0-ebcea058bc3d,platinum,2428.889562,global_api,Metals.dev,,2025-10-04,2025-10-04T00:00:00,success
fe3d19d8-881c-471c-86f0-ebcea058bc3d,silver,72.70110589,global_api,Metals.dev,,2025-10-04,2025-10-04T00:00:00,success
fe3d19d8-881c-471c-86f0-ebcea058bc3d,gold,5887.67611,global_api,Metals.dev,,2025-10-05,2025-10-05T00:00:00,success
fe3d19d8-881c-471c-86f0-ebcea058bc3d,platinum,2428.889562,global_api,Metals.dev,,2025-10-05,2025-10-05T00:00:00,success
fe3d19d8-881c-471c-86f0-ebcea058bc3d,silver,72.70110589,global_api,Metals.dev,,2025-10-05,2025-10-05T00:00:00,success
fe3d19d8-881c-471c-86f0-ebcea058bc3d,gold,5990.335461,global_api,Metals.dev,,2025-10-06,2025-10-06T00:00:00,success
fe3d19d8-881c-471c-86f0-ebcea058bc3d,platinum,2456.97087,global_api,Metals.dev,,2025-10-06,2025-10-06T00:00:00,success
fe3d19d8-881c-471c-86f0-ebcea058bc3d,silver,73.37358964,global_api,Metals.dev,,2025-10-06,2025-10-06T00:00:00,success
fe3d19d8-881c-471c-86f0-ebcea058bc3d,gold,6056.225205,global_api,Metals.dev,,2025-10-07,2025-10-07T00:00:00,success
fe3d19d8-881c-471c-86f0-ebcea058bc3d,platinum,2457.857697,global_api,Metals.dev,,2025-10-07,2025-10-07T00:00:00,success
fe3d19d8-881c-471c-86f0-ebcea058bc3d,silver,72.69718342,global_api,Metals.dev,,2025-10-07,2025-10-07T00:00:00,success
fe3d19d8-881c-471c-86f0-ebcea058bc3d,gold,6139.905818,global_api,Metals.dev,,2025-10-08,2025-10-08T00:00:00,success
fe3d19d8-881c-471c-86f0-ebcea058bc3d,platinum,2536.837308,global_api,Metals.dev,,2025-10-08,2025-10-08T00:00:00,success
fe3d19d8-881c-471c-86f0-ebcea058bc3d,silver,74.24737961,global_api,Metals.dev,,2025-10-08,2025-10-08T00:00:00,success
fe3d19d8-881c-471c-86f0-ebcea058bc3d,gold,6065.779839,global_api,Metals.dev,,2025-10-09,2025-10-09T00:00:00,success
fe3d19d8-881c-471c-86f0-ebcea058bc3d,platinum,2467.506712,global_api,Metals.dev,,2025-10-09,2025-10-09T00:00:00,success
fe3d19d8-881c-471c-86f0-ebcea058bc3d,silver,75.34827313,global_api,Metals.dev,,2025-10-09,2025-10-09T00:00:00,success
fe3d19d8-881c-471c-86f0-ebcea058bc3d,gold,6209.12042,global_api,Metals.dev,,2025-10-10,2025-10-10T00:00:00,success
fe3d19d8-881c-471c-86f0-ebcea058bc3d,platinum,2459.421858,global_api,Metals.dev,,2025-10-10,2025-10-10T00:00:00,success
fe3d19d8-881c-471c-86f0-ebcea058bc3d,silver,77.72499614,global_api,Metals.dev,,2025-10-10,2025-10-10T00:00:00,success
fe3d19d8-881c-471c-86f0-ebcea058bc3d,gold,6209.12042,global_api,Metals.dev,,2025-10-11,2025-10-11T00:00:00,success
fe3d19d8-881c-471c-86f0-ebcea058bc3d,platinum,2459.421858,global_api,Metals.dev,,2025-10-11,2025-10-11T00:00:00,success
fe3d19d8-881c-471c-86f0-ebcea058bc3d,silver,77.72499614,global_api,Metals.dev,,2025-10-11,2025-10-11T00:00:00,success
fe3d19d8-881c-471c-86f0-ebcea058bc3d,gold,6209.12042,global_api,Metals.dev,,2025-10-12,2025-10-12T00:00:00,success
fe3d19d8-881c-471c-86f0-ebcea058bc3d,platinum,2459.421858,global_api,Metals.dev,,2025-10-12,2025-10-12T00:00:00,success
fe3d19d8-881c-471c-86f0-ebcea058bc3d,silver,77.72499614,global_api,Metals.dev,,2025-10-12,2025-10-12T00:00:00,success
fe3d19d8-881c-471c-86f0-ebcea058bc3d,gold,6310.389032,global_api,Metals.dev,,2025-10-13,2025-10-13T00:00:00,success
fe3d19d8-881c-471c-86f0-ebcea058bc3d,platinum,2499.272292,global_api,Metals.dev,,2025-10-13,2025-10-13T00:00:00,success
fe3d19d8-881c-471c-86f0-ebcea058bc3d,silver,80.32501228,global_api,Metals.dev,,2025-10-13,2025-10-13T00:00:00,success
fe3d19d8-881c-471c-86f0-ebcea058bc3d,gold,6388.010794,global_api,Metals.dev,,2025-10-14,2025-10-14T00:00:00,success
fe3d19d8-881c-471c-86f0-ebcea058bc3d,platinum,2517.355436,global_api,Metals.dev,,2025-10-14,2025-10-14T00:00:00,success
fe3d19d8-881c-471c-86f0-ebcea058bc3d,silver,79.37486507,global_api,Metals.dev,,2025-10-14,2025-10-14T00:00:00,success
fe3d19d8-881c-471c-86f0-ebcea058bc3d,gold,6464.044858,global_api,Metals.dev,,2025-10-15,2025-10-15T00:00:00,success
fe3d19d8-881c-471c-86f0-ebcea058bc3d,platinum,2539.365543,global_api,Metals.dev,,2025-10-15,2025-10-15T00:00:00,success
fe3d19d8-881c-471c-86f0-ebcea058bc3d,silver,81.48536754,global_api,Metals.dev,,2025-10-15,2025-10-15T00:00:00,success
fe3d19d8-881c-471c-86f0-ebcea058bc3d,gold,6671.804877,global_api,Metals.dev,,2025-10-16,2025-10-16T00:00:00,success
fe3d19d8-881c-471c-86f0-ebcea058bc3d,platinum,2621.797936,global_api,Metals.dev,,2025-10-16,2025-10-16T00:00:00,success
fe3d19d8-881c-471c-86f0-ebcea058bc3d,silver,83.65409232,global_api,Metals.dev,,2025-10-16,2025-10-16T00:00:00,success
fe3d19d8-881c-471c-86f0-ebcea058bc3d,gold,6550.623653,global_api,Metals.dev,,2025-10-17,2025-10-17T00:00:00,success
fe3d19d8-881c-471c-86f0-ebcea058bc3d,platinum,2480.751463,global_api,Metals.dev,,2025-10-17,2025-10-17T00:00:00,success
fe3d19d8-881c-471c-86f0-ebcea058bc3d,silver,79.94194641,global_api,Metals.dev,,2025-10-17,2025-10-17T00:00:00,success
fe3d19d8-881c-471c-86f0-ebcea058bc3d,gold,6550.623653,global_api,Metals.dev,,2025-10-18,2025-10-18T00:00:00,success
fe3d19d8-881c-471c-86f0-ebcea058bc3d,platinum,2480.751463,global_api,Metals.dev,,2025-10-18,2025-10-18T00:00:00,success
fe3d19d8-881c-471c-86f0-ebcea058bc3d,silver,79.94194641,global_api,Metals.dev,,2025-10-18,2025-10-18T00:00:00,success
fe3d19d8-881c-471c-86f0-ebcea058bc3d,gold,6550.623653,global_api,Metals.dev,,2025-10-19,2025-10-19T00:00:00,success
fe3d19d8-881c-471c-86f0-ebcea058bc3d,platinum,2480.751463,global_api,Metals.dev,,2025-10-19,2025-10-19T00:00:00,success
fe3d19d8-881c-471c-86f0-ebcea058bc3d,silver,79.94194641,global_api,Metals.dev,,2025-10-19,2025-10-19T00:00:00,success
fe3d19d8-881c-471c-86f0-ebcea058bc3d,gold,6687.642019,global_api,Metals.dev,,2025-10-20,2025-10-20T00:00:00,success
fe3d19d8-881c-471c-86f0-ebcea058bc3d,platinum,2507.53086,global_api,Metals.dev,,2025-10-20,2025-10-20T00:00:00,success
fe3d19d8-881c-471c-86f0-ebcea058bc3d,silver,80.41876497,global_api,Metals.dev,,2025-10-20,2025-10-20T00:00:00,success
fe3d19d8-881c-471c-86f0-ebcea058bc3d,gold,6358.111649,global_api,Metals.dev,,2025-10-21,2025-10-21T00:00:00,success
fe3d19d8-881c-471c-86f0-ebcea058bc3d,platinum,2357.356432,global_api,Metals.dev,,2025-10-21,2025-10-21T00:00:00,success
fe3d19d8-881c-471c-86f0-ebcea058bc3d,silver,75.05456059,global_api,Metals.dev,,2025-10-21,2025-10-21T00:00:00,success
fe3d19d8-881c-471c-86f0-ebcea058bc3d,gold,6316.584231,global_api,Metals.dev,,2025-10-22,2025-10-22T00:00:00,success
fe3d19d8-881c-471c-86f0-ebcea058bc3d,platinum,2484.629963,global_api,Metals.dev,,2025-10-22,2025-10-22T00:00:00,success
fe3d19d8-881c-471c-86f0-ebcea058bc3d,silver,74.728116,global_api,Metals.dev,,2025-10-22,2025-10-22T00:00:00,success
fe3d19d8-881c-471c-86f0-ebcea058bc3d,gold,6338.835802,global_api,Metals.dev,,2025-10-23,2025-10-23T00:00:00,success
fe3d19d8-881c-471c-86f0-ebcea058bc3d,platinum,2493.393965,global_api,Metals.dev,,2025-10-23,2025-10-23T00:00:00,success
fe3d19d8-881c-471c-86f0-ebcea058bc3d,silver,75.15201561,global_api,Metals.dev,,2025-10-23,2025-10-23T00:00:00,success
fe3d19d8-881c-471c-86f0-ebcea058bc3d,gold,6316.789498,global_api,Metals.dev,,2025-10-24,2025-10-24T00:00:00,success
fe3d19d8-881c-471c-86f0-ebcea058bc3d,platinum,2461.231383,global_api,Metals.dev,,2025-10-24,2025-10-24T00:00:00,success
fe3d19d8-881c-471c-86f0-ebcea058bc3d,silver,74.72171043,global_api,Metals.dev,,2025-10-24,2025-10-24T00:00:00,success
fe3d19d8-881c-471c-86f0-ebcea058bc3d,gold,6316.789498,global_api,Metals.dev,,2025-10-25,2025-10-25T00:00:00,success
fe3d19d8-881c-471c-86f0-ebcea058bc3d,platinum,2461.231383,global_api,Metals.dev,,2025-10-25,2025-10-25T00:00:00,success
fe3d19d8-881c-471c-86f0-ebcea058bc3d,silver,74.72171043,global_api,Metals.dev,,2025-10-25,2025-10-25T00:00:00,success
fe3d19d8-881c-471c-86f0-ebcea058bc3d,gold,6316.789498,global_api,Metals.dev,,2025-10-26,2025-10-26T00:00:00,success
fe3d19d8-881c-471c-86f0-ebcea058bc3d,platinum,2461.231383,global_api,Metals.dev,,2025-10-26,2025-10-26T00:00:00,success
fe3d19d8-881c-471c-86f0-ebcea058bc3d,silver,74.72171043,global_api,Metals.dev,,2025-10-26,2025-10-26T00:00:00,success
fe3d19d8-881c-471c-86f0-ebcea058bc3d,gold,6075.470691,global_api,Metals.dev,,2025-10-27,2025-10-27T00:00:00,success
fe3d19d8-881c-471c-86f0-ebcea058bc3d,platinum,2422.111013,global_api,Metals.dev,,2025-10-27,2025-10-27T00:00:00,success
fe3d19d8-881c-471c-86f0-ebcea058bc3d,silver,71.55854261,global_api,Metals.dev,,2025-10-27,2025-10-27T00:00:00,success
fe3d19d8-881c-471c-86f0-ebcea058bc3d,gold,6004.678576,global_api,Metals.dev,,2025-10-28,2025-10-28T00:00:00,success
fe3d19d8-881c-471c-86f0-ebcea058bc3d,platinum,2407.643699,global_api,Metals.dev,,2025-10-28,2025-10-28T00:00:00,success
fe3d19d8-881c-471c-86f0-ebcea058bc3d,silver,71.50534694,global_api,Metals.dev,,2025-10-28,2025-10-28T00:00:00,success
fe3d19d8-881c-471c-86f0-ebcea058bc3d,gold,6015.003272,global_api,Metals.dev,,2025-10-29,2025-10-29T00:00:00,success
fe3d19d8-881c-471c-86f0-ebcea058bc3d,platinum,2412.544317,global_api,Metals.dev,,2025-10-29,2025-10-29T00:00:00,success
fe3d19d8-881c-471c-86f0-ebcea058bc3d,silver,71.62829623,global_api,Metals.dev,,2025-10-29,2025-10-29T00:00:00,success
fe3d19d8-881c-471c-86f0-ebcea058bc3d,gold,6142.812443,global_api,Metals.dev,,2025-10-30,2025-10-30T00:00:00,success
fe3d19d8-881c-471c-86f0-ebcea058bc3d,silver,74.6621436,global_api,Metals.dev,,2025-10-30,2025-10-30T00:00:00,success
fe3d19d8-881c-471c-86f0-ebcea058bc3d,platinum,2456.65181,global_api,Metals.dev,,2025-10-30,2025-10-30T00:00:00,success
fe3d19d8-881c-471c-86f0-ebcea058bc3d,gold,6117.698304,global_api,Metals.dev,,2025-10-31,2025-10-31T00:00:00,success
fe3d19d8-881c-471c-86f0-ebcea058bc3d,silver,74.43634418,global_api,Metals.dev,,2025-10-31,2025-10-31T00:00:00,success
fe3d19d8-881c-471c-86f0-ebcea058bc3d,platinum,2394.925875,global_api,Metals.dev,,2025-10-31,2025-10-31T00:00:00,success
fe3d19d8-881c-471c-86f0-ebcea058bc3d,gold,6117.698304,global_api,Metals.dev,,2025-11-01,2025-11-01T00:00:00,success
fe3d19d8-881c-471c-86f0-ebcea058bc3d,silver,74.43634418,global_api,Metals.dev,,2025-11-01,2025-11-01T00:00:00,success
fe3d19d8-881c-471c-86f0-ebcea058bc3d,platinum,2394.925875,global_api,Metals.dev,,2025-11-01,2025-11-01T00:00:00,success
fe3d19d8-881c-471c-86f0-ebcea058bc3d,gold,6117.698304,global_api,Metals.dev,,2025-11-02,2025-11-02T00:00:00,success
fe3d19d8-881c-471c-86f0-ebcea058bc3d,silver,74.43634418,global_api,Metals.dev,,2025-11-02,2025-11-02T00:00:00,success
fe3d19d8-881c-471c-86f0-ebcea058bc3d,platinum,2394.925875,global_api,Metals.dev,,2025-11-02,2025-11-02T00:00:00,success
fe3d19d8-881c-471c-86f0-ebcea058bc3d,gold,6124.843114,global_api,Metals.dev,,2025-11-03,2025-11-03T00:00:00,success
fe3d19d8-881c-471c-86f0-ebcea058bc3d,silver,73.59391741,global_api,Metals.dev,,2025-11-03,2025-11-03T00:00:00,success
fe3d19d8-881c-471c-86f0-ebcea058bc3d,platinum,2406.097897,global_api,Metals.dev,,2025-11-03,2025-11-03T00:00:00,success
fe3d19d8-881c-471c-86f0-ebcea058bc3d,gold,6059.546008,global_api,Metals.dev,,2025-11-04,2025-11-04T00:00:00,success
fe3d19d8-881c-471c-86f0-ebcea058bc3d,silver,72.68504107,global_api,Metals.dev,,2025-11-04,2025-11-04T00:00:00,success
fe3d19d8-881c-471c-86f0-ebcea058bc3d,platinum,2368.587323,global_api,Metals.dev,,2025-11-04,2025-11-04T00:00:00,success
fe3d19d8-881c-471c-86f0-ebcea058bc3d,gold,6120.240805,global_api,Metals.dev,,2025-11-05,2025-11-05T00:00:00,success
fe3d19d8-881c-471c-86f0-ebcea058bc3d,silver,73.84795178,global_api,Metals.dev,,2025-11-05,2025-11-05T00:00:00,success
fe3d19d8-881c-471c-86f0-ebcea058bc3d,platinum,2408.04527,global_api,Metals.dev,,2025-11-05,2025-11-05T00:00:00,success
fe3d19d8-881c-471c-86f0-ebcea058bc3d,gold,6140.594121,global_api,Metals.dev,,2025-11-06,2025-11-06T00:00:00,success
fe3d19d8-881c-471c-86f0-ebcea058bc3d,silver,74.16887969,global_api,Metals.dev,,2025-11-06,2025-11-06T00:00:00,success
fe3d19d8-881c-471c-86f0-ebcea058bc3d,platinum,2380.805336,global_api,Metals.dev,,2025-11-06,2025-11-06T00:00:00,success
fe3d19d8-881c-471c-86f0-ebcea058bc3d,gold,6165.197763,global_api,Metals.dev,,2025-11-07,2025-11-07T00:00:00,success
fe3d19d8-881c-471c-86f0-ebcea058bc3d,silver,74.45339825,global_api,Metals.dev,,2025-11-07,2025-11-07T00:00:00,success
fe3d19d8-881c-471c-86f0-ebcea058bc3d,platinum,2379.841605,global_api,Metals.dev,,2025-11-07,2025-11-07T00:00:00,success
fe3d19d8-881c-471c-86f0-ebcea058bc3d,gold,6165.197763,global_api,Metals.dev,,2025-11-08,2025-11-08T00:00:00,success
fe3d19d8-881c-471c-86f0-ebcea058bc3d,silver,74.45339825,global_api,Metals.dev,,2025-11-08,2025-11-08T00:00:00,success
fe3d19d8-881c-471c-86f0-ebcea058bc3d,platinum,2379.841605,global_api,Metals.dev,,2025-11-08,2025-11-08T00:00:00,success
fe3d19d8-881c-471c-86f0-ebcea058bc3d,gold,6165.197763,global_api,Metals.dev,,2025-11-09,2025-11-09T00:00:00,success
fe3d19d8-881c-471c-86f0-ebcea058bc3d,silver,74.45339825,global_api,Metals.dev,,2025-11-09,2025-11-09T00:00:00,success
fe3d19d8-881c-471c-86f0-ebcea058bc3d,platinum,2379.841605,global_api,Metals.dev,,2025-11-09,2025-11-09T00:00:00,success
fe3d19d8-881c-471c-86f0-ebcea058bc3d,gold,6300.961509,global_api,Metals.dev,,2025-11-10,2025-11-10T00:00:00,success
fe3d19d8-881c-471c-86f0-ebcea058bc3d,silver,77.32515234,global_api,Metals.dev,,2025-11-10,2025-11-10T00:00:00,success
fe3d19d8-881c-471c-86f0-ebcea058bc3d,platinum,2416.7866,global_api,Metals.dev,,2025-11-10,2025-11-10T00:00:00,success
fe3d19d8-881c-471c-86f0-ebcea058bc3d,gold,6322.885862,global_api,Metals.dev,,2025-11-11,2025-11-11T00:00:00,success
fe3d19d8-881c-471c-86f0-ebcea058bc3d,silver,78.48788747,global_api,Metals.dev,,2025-11-11,2025-11-11T00:00:00,success
fe3d19d8-881c-471c-86f0-ebcea058bc3d,platinum,2419.441337,global_api,Metals.dev,,2025-11-11,2025-11-11T00:00:00,success
fe3d19d8-881c-471c-86f0-ebcea058bc3d,gold,6416.558327,global_api,Metals.dev,,2025-11-12,2025-11-12T00:00:00,success
fe3d19d8-881c-471c-86f0-ebcea058bc3d,silver,81.46839296,global_api,Metals.dev,,2025-11-12,2025-11-12T00:00:00,success
fe3d19d8-881c-471c-86f0-ebcea058bc3d,platinum,2461.724354,global_api,Metals.dev,,2025-11-12,2025-11-12T00:00:00,success
fe3d19d8-881c-471c-86f0-ebcea058bc3d,gold,6393.184988,global_api,Metals.dev,,2025-11-13,2025-11-13T00:00:00,success
fe3d19d8-881c-471c-86f0-ebcea058bc3d,silver,80.13041546,global_api,Metals.dev,,2025-11-13,2025-11-13T00:00:00,success
fe3d19d8-881c-471c-86f0-ebcea058bc3d,platinum,2425.942102,global_api,Metals.dev,,2025-11-13,2025-11-13T00:00:00,success
fe3d19d8-881c-471c-86f0-ebcea058bc3d,gold,6252.888603,global_api,Metals.dev,,2025-11-14,2025-11-14T00:00:00,success
fe3d19d8-881c-471c-86f0-ebcea058bc3d,silver,77.41380102,global_api,Metals.dev,,2025-11-14,2025-11-14T00:00:00,success
fe3d19d8-881c-471c-86f0-ebcea058bc3d,platinum,2358.939749,global_api,Metals.dev,,2025-11-14,2025-11-14T00:00:00,success
fe3d19d8-881c-471c-86f0-ebcea058bc3d,gold,6252.888603,global_api,Metals.dev,,2025-11-15,2025-11-15T00:00:00,success
fe3d19d8-881c-471c-86f0-ebcea058bc3d,silver,77.41380102,global_api,Metals.dev,,2025-11-15,2025-11-15T00:00:00,success
fe3d19d8-881c-471c-86f0-ebcea058bc3d,platinum,2358.939749,global_api,Metals.dev,,2025-11-15,2025-11-15T00:00:00,success
fe3d19d8-881c-471c-86f0-ebcea058bc3d,gold,6252.888603,global_api,Metals.dev,,2025-11-16,2025-11-16T00:00:00,success
fe3d19d8-881c-471c-86f0-ebcea058bc3d,silver,77.41380102,global_api,Metals.dev,,2025-11-16,2025-11-16T00:00:00,success
fe3d19d8-881c-471c-86f0-ebcea058bc3d,platinum,2358.939749,global_api,Metals.dev,,2025-11-16,2025-11-16T00:00:00,success
fe3d19d8-881c-471c-86f0-ebcea058bc3d,gold,6236.200811,global_api,Metals.dev,,2025-11-17,2025-11-17T00:00:00,success
fe3d19d8-881c-471c-86f0-ebcea058bc3d,silver,77.40015722,global_api,Metals.dev,,2025-11-17,2025-11-17T00:00:00,success
fe3d19d8-881c-471c-86f0-ebcea058bc3d,platinum,2365.245002,global_api,Metals.dev,,2025-11-17,2025-11-17T00:00:00,success
fe3d19d8-881c-471c-86f0-ebcea058bc3d,gold,6254.016944,global_api,Metals.dev,,2025-11-18,2025-11-18T00:00:00,success
fe3d19d8-881c-471c-86f0-ebcea058bc3d,silver,77.95816228,global_api,Metals.dev,,2025-11-18,2025-11-18T00:00:00,success
fe3d19d8-881c-471c-86f0-ebcea058bc3d,platinum,2368.651691,global_api,Metals.dev,,2025-11-18,2025-11-18T00:00:00,success
fe3d19d8-881c-471c-86f0-ebcea058bc3d,gold,6298.129643,global_api,Metals.dev,,2025-11-19,2025-11-19T00:00:00,success
fe3d19d8-881c-471c-86f0-ebcea058bc3d,silver,79.32668695,global_api,Metals.dev,,2025-11-19,2025-11-19T00:00:00,success
fe3d19d8-881c-471c-86f0-ebcea058bc3d,platinum,2373.855159,global_api,Metals.dev,,2025-11-19,2025-11-19T00:00:00,success
fe3d19d8-881c-471c-86f0-ebcea058bc3d,gold,6333.346277,global_api,Metals.dev,,2025-11-20,2025-11-20T00:00:00,success
fe3d19d8-881c-471c-86f0-ebcea058bc3d,silver,78.70546115,global_api,Metals.dev,,2025-11-20,2025-11-20T00:00:00,success
fe3d19d8-881c-471c-86f0-ebcea058bc3d,platinum,2349.25911,global_api,Metals.dev,,2025-11-20,2025-11-20T00:00:00,success
fe3d19d8-881c-471c-86f0-ebcea058bc3d,gold,6298.53267,global_api,Metals.dev,,2025-11-21,2025-11-21T00:00:00,success
fe3d19d8-881c-471c-86f0-ebcea058bc3d,silver,77.50817335,global_api,Metals.dev,,2025-11-21,2025-11-21T00:00:00,success
fe3d19d8-881c-471c-86f0-ebcea058bc3d,platinum,2342.769488,global_api,Metals.dev,,2025-11-21,2025-11-21T00:00:00,success
fe3d19d8-881c-471c-86f0-ebcea058bc3d,gold,6298.53267,global_api,Metals.dev,,2025-11-22,2025-11-22T00:00:00,success
fe3d19d8-881c-471c-86f0-ebcea058bc3d,silver,77.50817335,global_api,Metals.dev,,2025-11-22,2025-11-22T00:00:00,success
fe3d19d8-881c-471c-86f0-ebcea058bc3d,platinum,2342.769488,global_api,Metals.dev,,2025-11-22,2025-11-22T00:00:00,success
fe3d19d8-881c-471c-86f0-ebcea058bc3d,gold,6298.53267,global_api,Metals.dev,,2025-11-23,2025-11-23T00:00:00,success
fe3d19d8-881c-471c-86f0-ebcea058bc3d,silver,77.50817335,global_api,Metals.dev,,2025-11-23,2025-11-23T00:00:00,success
fe3d19d8-881c-471c-86f0-ebcea058bc3d,platinum,2342.769488,global_api,Metals.dev,,2025-11-23,2025-11-23T00:00:00,success
fe3d19d8-881c-471c-86f0-ebcea058bc3d,gold,6401.62132,global_api,Metals.dev,,2025-11-24,2025-11-24T00:00:00,success
fe3d19d8-881c-471c-86f0-ebcea058bc3d,silver,79.5069452,global_api,Metals.dev,,2025-11-24,2025-11-24T00:00:00,success
fe3d19d8-881c-471c-86f0-ebcea058bc3d,platinum,2394.041222,global_api,Metals.dev,,2025-11-24,2025-11-24T00:00:00,success
fe3d19d8-881c-471c-86f0-ebcea058bc3d,gold,6389.193955,global_api,Metals.dev,,2025-11-25,2025-11-25T00:00:00,success
fe3d19d8-881c-471c-86f0-ebcea058bc3d,silver,79.63379171,global_api,Metals.dev,,2025-11-25,2025-11-25T00:00:00,success
fe3d19d8-881c-471c-86f0-ebcea058bc3d,platinum,2400.655849,global_api,Metals.dev,,2025-11-25,2025-11-25T00:00:00,success
fe3d19d8-881c-471c-86f0-ebcea058bc3d,gold,6390.359763,global_api,Metals.dev,,2025-11-26,2025-11-26T00:00:00,success
fe3d19d8-881c-471c-86f0-ebcea058bc3d,silver,81.86911011,global_api,Metals.dev,,2025-11-26,2025-11-26T00:00:00,success
fe3d19d8-881c-471c-86f0-ebcea058bc3d,platinum,2438.837216,global_api,Metals.dev,,2025-11-26,2025-11-26T00:00:00,success
fe3d19d8-881c-471c-86f0-ebcea058bc3d,gold,6368.564516,global_api,Metals.dev,,2025-11-27,2025-11-27T00:00:00,success
fe3d19d8-881c-471c-86f0-ebcea058bc3d,silver,81.75630149,global_api,Metals.dev,,2025-11-27,2025-11-27T00:00:00,success
fe3d19d8-881c-471c-86f0-ebcea058bc3d,platinum,2555.051913,global_api,Metals.dev,,2025-11-27,2025-11-27T00:00:00,success
fe3d19d8-881c-471c-86f0-ebcea058bc3d,gold,6350.185522,global_api,Metals.dev,,2025-11-28,2025-11-28T00:00:00,success
fe3d19d8-881c-471c-86f0-ebcea058bc3d,silver,81.52036158,global_api,Metals.dev,,2025-11-28,2025-11-28T00:00:00,success
fe3d19d8-881c-471c-86f0-ebcea058bc3d,platinum,2547.678307,global_api,Metals.dev,,2025-11-28,2025-11-28T00:00:00,success
fe3d19d8-881c-471c-86f0-ebcea058bc3d,gold,6350.185522,global_api,Metals.dev,,2025-11-29,2025-11-29T00:00:00,success
fe3d19d8-881c-471c-86f0-ebcea058bc3d,silver,81.52036158,global_api,Metals.dev,,2025-11-29,2025-11-29T00:00:00,success
fe3d19d8-881c-471c-86f0-ebcea058bc3d,platinum,2547.678307,global_api,Metals.dev,,2025-11-29,2025-11-29T00:00:00,success
fe3d19d8-881c-471c-86f0-ebcea058bc3d,gold,6350.185522,global_api,Metals.dev,,2025-11-30,2025-11-30T00:00:00,success
fe3d19d8-881c-471c-86f0-ebcea058bc3d,silver,81.52036158,global_api,Metals.dev,,2025-11-30,2025-11-30T00:00:00,success
fe3d19d8-881c-471c-86f0-ebcea058bc3d,platinum,2547.678307,global_api,Metals.dev,,2025-11-30,2025-11-30T00:00:00,success
fe3d19d8-881c-471c-86f0-ebcea058bc3d,gold,6468.325412,global_api,Metals.dev,,2025-12-01,2025-12-01T00:00:00,success
fe3d19d8-881c-471c-86f0-ebcea058bc3d,silver,88.65384909,global_api,Metals.dev,,2025-12-01,2025-12-01T00:00:00,success
fe3d19d8-881c-471c-86f0-ebcea058bc3d,platinum,2535.495407,global_api,Metals.dev,,2025-12-01,2025-12-01T00:00:00,success
fe3d19d8-881c-471c-86f0-ebcea058bc3d,gold,6412.149903,global_api,Metals.dev,,2025-12-02,2025-12-02T00:00:00,success
fe3d19d8-881c-471c-86f0-ebcea058bc3d,silver,89.12058424,global_api,Metals.dev,,2025-12-02,2025-12-02T00:00:00,success
fe3d19d8-881c-471c-86f0-ebcea058bc3d,platinum,2492.033725,global_api,Metals.dev,,2025-12-02,2025-12-02T00:00:00,success
fe3d19d8-881c-471c-86f0-ebcea058bc3d,gold,6370.769231,global_api,Metals.dev,,2025-12-03,2025-12-03T00:00:00,success
fe3d19d8-881c-471c-86f0-ebcea058bc3d,silver,88.67464949,global_api,Metals.dev,,2025-12-03,2025-12-03T00:00:00,success
fe3d19d8-881c-471c-86f0-ebcea058bc3d,platinum,2534.293293,global_api,Metals.dev,,2025-12-03,2025-12-03T00:00:00,success
fe3d19d8-881c-471c-86f0-ebcea058bc3d,gold,6368.136357,global_api,Metals.dev,,2025-12-04,2025-12-04T00:00:00,success
fe3d19d8-881c-471c-86f0-ebcea058bc3d,silver,86.46381504,global_api,Metals.dev,,2025-12-04,2025-12-04T00:00:00,success
fe3d19d8-881c-471c-86f0-ebcea058bc3d,platinum,2489.748982,global_api,Metals.dev,,2025-12-04,2025-12-04T00:00:00,success
fe3d19d8-881c-471c-86f0-ebcea058bc3d,gold,6325.035401,global_api,Metals.dev,,2025-12-05,2025-12-05T00:00:00,success
fe3d19d8-881c-471c-86f0-ebcea058bc3d,silver,87.91539875,global_api,Metals.dev,,2025-12-05,2025-12-05T00:00:00,success
fe3d19d8-881c-471c-86f0-ebcea058bc3d,platinum,2463.017083,global_api,Metals.dev,,2025-12-05,2025-12-05T00:00:00,success
fe3d19d8-881c-471c-86f0-ebcea058bc3d,gold,6325.035401,global_api,Metals.dev,,2025-12-06,2025-12-06T00:00:00,success
fe3d19d8-881c-471c-86f0-ebcea058bc3d,silver,87.91539875,global_api,Metals.dev,,2025-12-06,2025-12-06T00:00:00,success
fe3d19d8-881c-471c-86f0-ebcea058bc3d,platinum,2463.017083,global_api,Metals.dev,,2025-12-06,2025-12-06T00:00:00,success
fe3d19d8-881c-471c-86f0-ebcea058bc3d,gold,6325.035401,global_api,Metals.dev,,2025-12-07,2025-12-07T00:00:00,success
fe3d19d8-881c-471c-86f0-ebcea058bc3d,silver,87.91539875,global_api,Metals.dev,,2025-12-07,2025-12-07T00:00:00,success
fe3d19d8-881c-471c-86f0-ebcea058bc3d,platinum,2463.017083,global_api,Metals.dev,,2025-12-07,2025-12-07T00:00:00,success
fe3d19d8-881c-471c-86f0-ebcea058bc3d,gold,6330.206492,global_api,Metals.dev,,2025-12-08,2025-12-08T00:00:00,success
fe3d19d8-881c-471c-86f0-ebcea058bc3d,silver,87.85788734,global_api,Metals.dev,,2025-12-08,2025-12-08T00:00:00,success
fe3d19d8-881c-471c-86f0-ebcea058bc3d,platinum,2488.633102,global_api,Metals.dev,,2025-12-08,2025-12-08T00:00:00,success
fe3d19d8-881c-471c-86f0-ebcea058bc3d,gold,6336.457957,global_api,Metals.dev,,2025-12-09,2025-12-09T00:00:00,success
fe3d19d8-881c-471c-86f0-ebcea058bc3d,silver,91.35367727,global_api,Metals.dev,,2025-12-09,2025-12-09T00:00:00,success
fe3d19d8-881c-471c-86f0-ebcea058bc3d,platinum,2543.368269,global_api,Metals.dev,,2025-12-09,2025-12-09T00:00:00,success
fe3d19d8-881c-471c-86f0-ebcea058bc3d,gold,6339.707359,global_api,Metals.dev,,2025-12-10,2025-12-10T00:00:00,success
fe3d19d8-881c-471c-86f0-ebcea058bc3d,silver,92.66427297,global_api,Metals.dev,,2025-12-10,2025-12-10T00:00:00,success
fe3d19d8-881c-471c-86f0-ebcea058bc3d,platinum,2485.645323,global_api,Metals.dev,,2025-12-10,2025-12-10T00:00:00,success
fe3d19d8-881c-471c-86f0-ebcea058bc3d,gold,6423.788222,global_api,Metals.dev,,2025-12-11,2025-12-11T00:00:00,success
fe3d19d8-881c-471c-86f0-ebcea058bc3d,silver,95.42594233,global_api,Metals.dev,,2025-12-11,2025-12-11T00:00:00,success
fe3d19d8-881c-471c-86f0-ebcea058bc3d,platinum,2540.642779,global_api,Metals.dev,,2025-12-11,2025-12-11T00:00:00,success
fe3d19d8-881c-471c-86f0-ebcea058bc3d,gold,6465.038645,global_api,Metals.dev,,2025-12-12,2025-12-12T00:00:00,success
fe3d19d8-881c-471c-86f0-ebcea058bc3d,silver,93.10246308,global_api,Metals.dev,,2025-12-12,2025-12-12T00:00:00,success
fe3d19d8-881c-471c-86f0-ebcea058bc3d,platinum,2617.21452,global_api,Metals.dev,,2025-12-12,2025-12-12T00:00:00,success
fe3d19d8-881c-471c-86f0-ebcea058bc3d,gold,6465.038645,global_api,Metals.dev,,2025-12-13,2025-12-13T00:00:00,success
fe3d19d8-881c-471c-86f0-ebcea058bc3d,silver,93.10246308,global_api,Metals.dev,,2025-12-13,2025-12-13T00:00:00,success
fe3d19d8-881c-471c-86f0-ebcea058bc3d,platinum,2617.21452,global_api,Metals.dev,,2025-12-13,2025-12-13T00:00:00,success
fe3d19d8-881c-471c-86f0-ebcea058bc3d,gold,6465.038645,global_api,Metals.dev,,2025-12-14,2025-12-14T00:00:00,success
fe3d19d8-881c-471c-86f0-ebcea058bc3d,silver,93.10246308,global_api,Metals.dev,,2025-12-14,2025-12-14T00:00:00,success
fe3d19d8-881c-471c-86f0-ebcea058bc3d,platinum,2617.21452,global_api,Metals.dev,,2025-12-14,2025-12-14T00:00:00,success
fe3d19d8-881c-471c-86f0-ebcea058bc3d,gold,6483.688776,global_api,Metals.dev,,2025-12-15,2025-12-15T00:00:00,success
fe3d19d8-881c-471c-86f0-ebcea058bc3d,silver,96.53751732,global_api,Metals.dev,,2025-12-15,2025-12-15T00:00:00,success
fe3d19d8-881c-471c-86f0-ebcea058bc3d,platinum,2681.637448,global_api,Metals.dev,,2025-12-15,2025-12-15T00:00:00,success
fe3d19d8-881c-471c-86f0-ebcea058bc3d,gold,6491.670816,global_api,Metals.dev,,2025-12-16,2025-12-16T00:00:00,success
fe3d19d8-881c-471c-86f0-ebcea058bc3d,silver,96.19807463,global_api,Metals.dev,,2025-12-16,2025-12-16T00:00:00,success
fe3d19d8-881c-471c-86f0-ebcea058bc3d,platinum,2780.166885,global_api,Metals.dev,,2025-12-16,2025-12-16T00:00:00,success
fe3d19d8-881c-471c-86f0-ebcea058bc3d,gold,6570.677694,global_api,Metals.dev,,2025-12-17,2025-12-17T00:00:00,success
fe3d19d8-881c-471c-86f0-ebcea058bc3d,silver,100.2958284,global_api,Metals.dev,,2025-12-17,2025-12-17T00:00:00,success
fe3d19d8-881c-471c-86f0-ebcea058bc3d,platinum,2871.186646,global_api,Metals.dev,,2025-12-17,2025-12-17T00:00:00,success
fe3d19d8-881c-471c-86f0-ebcea058bc3d,gold,6553.805893,global_api,Metals.dev,,2025-12-18,2025-12-18T00:00:00,success
fe3d19d8-881c-471c-86f0-ebcea058bc3d,silver,99.07446905,global_api,Metals.dev,,2025-12-18,2025-12-18T00:00:00,success
fe3d19d8-881c-471c-86f0-ebcea058bc3d,platinum,2897.531312,global_api,Metals.dev,,2025-12-18,2025-12-18T00:00:00,success
fe3d19d8-881c-471c-86f0-ebcea058bc3d,gold,6567.12024,global_api,Metals.dev,,2025-12-19,2025-12-19T00:00:00,success
fe3d19d8-881c-471c-86f0-ebcea058bc3d,silver,101.6641945,global_api,Metals.dev,,2025-12-19,2025-12-19T00:00:00,success
fe3d19d8-881c-471c-86f0-ebcea058bc3d,platinum,2995.39868,global_api,Metals.dev,,2025-12-19,2025-12-19T00:00:00,success
fe3d19d8-881c-471c-86f0-ebcea058bc3d,gold,6567.12024,global_api,Metals.dev,,2025-12-20,2025-12-20T00:00:00,success
fe3d19d8-881c-471c-86f0-ebcea058bc3d,silver,101.6641945,global_api,Metals.dev,,2025-12-20,2025-12-20T00:00:00,success
fe3d19d8-881c-471c-86f0-ebcea058bc3d,platinum,2995.39868,global_api,Metals.dev,,2025-12-20,2025-12-20T00:00:00,success
fe3d19d8-881c-471c-86f0-ebcea058bc3d,gold,6567.12024,global_api,Metals.dev,,2025-12-21,2025-12-21T00:00:00,success
fe3d19d8-881c-471c-86f0-ebcea058bc3d,silver,101.6641945,global_api,Metals.dev,,2025-12-21,2025-12-21T00:00:00,success
fe3d19d8-881c-471c-86f0-ebcea058bc3d,platinum,2995.39868,global_api,Metals.dev,,2025-12-21,2025-12-21T00:00:00,success
fe3d19d8-881c-471c-86f0-ebcea058bc3d,gold,6678.599877,global_api,Metals.dev,,2025-12-22,2025-12-22T00:00:00,success
fe3d19d8-881c-471c-86f0-ebcea058bc3d,silver,103.7919503,global_api,Metals.dev,,2025-12-22,2025-12-22T00:00:00,success
fe3d19d8-881c-471c-86f0-ebcea058bc3d,platinum,3188.451538,global_api,Metals.dev,,2025-12-22,2025-12-22T00:00:00,success
fe3d19d8-881c-471c-86f0-ebcea058bc3d,gold,6695.456785,global_api,Metals.dev,,2025-12-23,2025-12-23T00:00:00,success
fe3d19d8-881c-471c-86f0-ebcea058bc3d,silver,106.7146419,global_api,Metals.dev,,2025-12-23,2025-12-23T00:00:00,success
fe3d19d8-881c-471c-86f0-ebcea058bc3d,platinum,3411.517043,global_api,Metals.dev,,2025-12-23,2025-12-23T00:00:00,success
fe3d19d8-881c-471c-86f0-ebcea058bc3d,gold,6680.309899,global_api,Metals.dev,,2025-12-24,2025-12-24T00:00:00,success
fe3d19d8-881c-471c-86f0-ebcea058bc3d,silver,107.1494616,global_api,Metals.dev,,2025-12-24,2025-12-24T00:00:00,success
fe3d19d8-881c-471c-86f0-ebcea058bc3d,platinum,3359.978525,global_api,Metals.dev,,2025-12-24,2025-12-24T00:00:00,success
fe3d19d8-881c-471c-86f0-ebcea058bc3d,gold,6687.690355,global_api,Metals.dev,,2025-12-25,2025-12-25T00:00:00,success
fe3d19d8-881c-471c-86f0-ebcea058bc3d,silver,107.2678411,global_api,Metals.dev,,2025-12-25,2025-12-25T00:00:00,success
fe3d19d8-881c-471c-86f0-ebcea058bc3d,platinum,3363.690654,global_api,Metals.dev,,2025-12-25,2025-12-25T00:00:00,success
fe3d19d8-881c-471c-86f0-ebcea058bc3d,gold,6751.474443,global_api,Metals.dev,,2025-12-26,2025-12-26T00:00:00,success
fe3d19d8-881c-471c-86f0-ebcea058bc3d,silver,118.1202341,global_api,Metals.dev,,2025-12-26,2025-12-26T00:00:00,success
fe3d19d8-881c-471c-86f0-ebcea058bc3d,platinum,3643.661384,global_api,Metals.dev,,2025-12-26,2025-12-26T00:00:00,success
fe3d19d8-881c-471c-86f0-ebcea058bc3d,gold,6751.474443,global_api,Metals.dev,,2025-12-27,2025-12-27T00:00:00,success
fe3d19d8-881c-471c-86f0-ebcea058bc3d,silver,118.1202341,global_api,Metals.dev,,2025-12-27,2025-12-27T00:00:00,success
fe3d19d8-881c-471c-86f0-ebcea058bc3d,platinum,3643.661384,global_api,Metals.dev,,2025-12-27,2025-12-27T00:00:00,success
fe3d19d8-881c-471c-86f0-ebcea058bc3d,gold,6751.474443,global_api,Metals.dev,,2025-12-28,2025-12-28T00:00:00,success
fe3d19d8-881c-471c-86f0-ebcea058bc3d,silver,118.1202341,global_api,Metals.dev,,2025-12-28,2025-12-28T00:00:00,success
fe3d19d8-881c-471c-86f0-ebcea058bc3d,platinum,3643.661384,global_api,Metals.dev,,2025-12-28,2025-12-28T00:00:00,success
fe3d19d8-881c-471c-86f0-ebcea058bc3d,gold,6474.915188,global_api,Metals.dev,,2025-12-29,2025-12-29T00:00:00,success
fe3d19d8-881c-471c-86f0-ebcea058bc3d,silver,107.8081987,global_api,Metals.dev,,2025-12-29,2025-12-29T00:00:00,success
fe3d19d8-881c-471c-86f0-ebcea058bc3d,platinum,3127.942253,global_api,Metals.dev,,2025-12-29,2025-12-29T00:00:00,success
fe3d19d8-881c-471c-86f0-ebcea058bc3d,gold,6483.482743,global_api,Metals.dev,,2025-12-30,2025-12-30T00:00:00,success
fe3d19d8-881c-471c-86f0-ebcea058bc3d,silver,113.9213357,global_api,Metals.dev,,2025-12-30,2025-12-30T00:00:00,success
fe3d19d8-881c-471c-86f0-ebcea058bc3d,platinum,3261.616614,global_api,Metals.dev,,2025-12-30,2025-12-30T00:00:00,success
fe3d19d8-881c-471c-86f0-ebcea058bc3d,gold,6478.246534,global_api,Metals.dev,,2025-12-31,2025-12-31T00:00:00,success
fe3d19d8-881c-471c-86f0-ebcea058bc3d,silver,107.3727988,global_api,Metals.dev,,2025-12-31,2025-12-31T00:00:00,success
fe3d19d8-881c-471c-86f0-ebcea058bc3d,platinum,3070.063694,global_api,Metals.dev,,2025-12-31,2025-12-31T00:00:00,success
fe3d19d8-881c-471c-86f0-ebcea058bc3d,gold,6484.563456,global_api,Metals.dev,,2026-01-01,2026-01-01T00:00:00,success
fe3d19d8-881c-471c-86f0-ebcea058bc3d,silver,107.4774977,global_api,Metals.dev,,2026-01-01,2026-01-01T00:00:00,success
fe3d19d8-881c-471c-86f0-ebcea058bc3d,platinum,3073.057306,global_api,Metals.dev,,2026-01-01,2026-01-01T00:00:00,success
fe3d19d8-881c-471c-86f0-ebcea058bc3d,gold,6476.401555,global_api,Metals.dev,,2026-01-02,2026-01-02T00:00:00,success
fe3d19d8-881c-471c-86f0-ebcea058bc3d,silver,108.8673942,global_api,Metals.dev,,2026-01-02,2026-01-02T00:00:00,success
fe3d19d8-881c-471c-86f0-ebcea058bc3d,platinum,3195.805053,global_api,Metals.dev,,2026-01-02,2026-01-02T00:00:00,success
fe3d19d8-881c-471c-86f0-ebcea058bc3d,gold,6476.401555,global_api,Metals.dev,,2026-01-03,2026-01-03T00:00:00,success
fe3d19d8-881c-471c-86f0-ebcea058bc3d,silver,108.8673942,global_api,Metals.dev,,2026-01-03,2026-01-03T00:00:00,success
fe3d19d8-881c-471c-86f0-ebcea058bc3d,platinum,3195.805053,global_api,Metals.dev,,2026-01-03,2026-01-03T00:00:00,success
fe3d19d8-881c-471c-86f0-ebcea058bc3d,gold,6476.401555,global_api,Metals.dev,,2026-01-04,2026-01-04T00:00:00,success
fe3d19d8-881c-471c-86f0-ebcea058bc3d,silver,108.8673942,global_api,Metals.dev,,2026-01-04,2026-01-04T00:00:00,success
fe3d19d8-881c-471c-86f0-ebcea058bc3d,platinum,3195.805053,global_api,Metals.dev,,2026-01-04,2026-01-04T00:00:00,success
fe3d19d8-881c-471c-86f0-ebcea058bc3d,gold,6630.458109,global_api,Metals.dev,,2026-01-05,2026-01-05T00:00:00,success
fe3d19d8-881c-471c-86f0-ebcea058bc3d,silver,114.1433936,global_api,Metals.dev,,2026-01-05,2026-01-05T00:00:00,success
fe3d19d8-881c-471c-86f0-ebcea058bc3d,platinum,3370.987452,global_api,Metals.dev,,2026-01-05,2026-01-05T00:00:00,success
fe3d19d8-881c-471c-86f0-ebcea058bc3d,gold,6673.845903,global_api,Metals.dev,,2026-01-06,2026-01-06T00:00:00,success
fe3d19d8-881c-471c-86f0-ebcea058bc3d,silver,120.6392267,global_api,Metals.dev,,2026-01-06,2026-01-06T00:00:00,success
fe3d19d8-881c-471c-86f0-ebcea058bc3d,platinum,3621.542162,global_api,Metals.dev,,2026-01-06,2026-01-06T00:00:00,success
fe3d19d8-881c-471c-86f0-ebcea058bc3d,gold,6632.511831,global_api,Metals.dev,,2026-01-07,2026-01-07T00:00:00,success
fe3d19d8-881c-471c-86f0-ebcea058bc3d,silver,116.34893,global_api,Metals.dev,,2026-01-07,2026-01-07T00:00:00,success
fe3d19d8-881c-471c-86f0-ebcea058bc3d,platinum,3411.018841,global_api,Metals.dev,,2026-01-07,2026-01-07T00:00:00,success
fe3d19d8-881c-471c-86f0-ebcea058bc3d,gold,6684.828533,global_api,Metals.dev,,2026-01-08,2026-01-08T00:00:00,success
fe3d19d8-881c-471c-86f0-ebcea058bc3d,silver,114.944014,global_api,Metals.dev,,2026-01-08,2026-01-08T00:00:00,success
fe3d19d8-881c-471c-86f0-ebcea058bc3d,platinum,3412.908138,global_api,Metals.dev,,2026-01-08,2026-01-08T00:00:00,success
fe3d19d8-881c-471c-86f0-ebcea058bc3d,gold,6746.039582,global_api,Metals.dev,,2026-01-09,2026-01-09T00:00:00,success
fe3d19d8-881c-471c-86f0-ebcea058bc3d,silver,119.5739652,global_api,Metals.dev,,2026-01-09,2026-01-09T00:00:00,success
fe3d19d8-881c-471c-86f0-ebcea058bc3d,platinum,3394.50104,global_api,Metals.dev,,2026-01-09,2026-01-09T00:00:00,success
fe3d19d8-881c-471c-86f0-ebcea058bc3d,gold,6746.039582,global_api,Metals.dev,,2026-01-10,2026-01-10T00:00:00,success
fe3d19d8-881c-471c-86f0-ebcea058bc3d,silver,119.5739652,global_api,Metals.dev,,2026-01-10,2026-01-10T00:00:00,success
fe3d19d8-881c-471c-86f0-ebcea058bc3d,platinum,3394.50104,global_api,Metals.dev,,2026-01-10,2026-01-10T00:00:00,success
fe3d19d8-881c-471c-86f0-ebcea058bc3d,gold,6746.039582,global_api,Metals.dev,,2026-01-11,2026-01-11T00:00:00,success
fe3d19d8-881c-471c-86f0-ebcea058bc3d,silver,119.5739652,global_api,Metals.dev,,2026-01-11,2026-01-11T00:00:00,success
fe3d19d8-881c-471c-86f0-ebcea058bc3d,platinum,3394.50104,global_api,Metals.dev,,2026-01-11,2026-01-11T00:00:00,success
fe3d19d8-881c-471c-86f0-ebcea058bc3d,gold,6853.878147,global_api,Metals.dev,,2026-01-12,2026-01-12T00:00:00,success
fe3d19d8-881c-471c-86f0-ebcea058bc3d,silver,126.9619564,global_api,Metals.dev,,2026-01-12,2026-01-12T00:00:00,success
fe3d19d8-881c-471c-86f0-ebcea058bc3d,platinum,3499.500604,global_api,Metals.dev,,2026-01-12,2026-01-12T00:00:00,success
fe3d19d8-881c-471c-86f0-ebcea058bc3d,gold,6865.174174,global_api,Metals.dev,,2026-01-13,2026-01-13T00:00:00,success
fe3d19d8-881c-471c-86f0-ebcea058bc3d,silver,130.1377225,global_api,Metals.dev,,2026-01-13,2026-01-13T00:00:00,success
fe3d19d8-881c-471c-86f0-ebcea058bc3d,platinum,3467.013967,global_api,Metals.dev,,2026-01-13,2026-01-13T00:00:00,success
fe3d19d8-881c-471c-86f0-ebcea058bc3d,gold,6925.284776,global_api,Metals.dev,,2026-01-14,2026-01-14T00:00:00,success
fe3d19d8-881c-471c-86f0-ebcea058bc3d,silver,139.630877,global_api,Metals.dev,,2026-01-14,2026-01-14T00:00:00,success
fe3d19d8-881c-471c-86f0-ebcea058bc3d,platinum,3585.702097,global_api,Metals.dev,,2026-01-14,2026-01-14T00:00:00,success
fe3d19d8-881c-471c-86f0-ebcea058bc3d,gold,6892.080745,global_api,Metals.dev,,2026-01-15,2026-01-15T00:00:00,success
fe3d19d8-881c-471c-86f0-ebcea058bc3d,silver,137.9492654,global_api,Metals.dev,,2026-01-15,2026-01-15T00:00:00,success
fe3d19d8-881c-471c-86f0-ebcea058bc3d,platinum,3587.852365,global_api,Metals.dev,,2026-01-15,2026-01-15T00:00:00,success
fe3d19d8-881c-471c-86f0-ebcea058bc3d,gold,6879.276798,global_api,Metals.dev,,2026-01-16,2026-01-16T00:00:00,success
fe3d19d8-881c-471c-86f0-ebcea058bc3d,silver,134.8818361,global_api,Metals.dev,,2026-01-16,2026-01-16T00:00:00,success
fe3d19d8-881c-471c-86f0-ebcea058bc3d,platinum,3498.518275,global_api,Metals.dev,,2026-01-16,2026-01-16T00:00:00,success
fe3d19d8-881c-471c-86f0-ebcea058bc3d,gold,6879.276798,global_api,Metals.dev,,2026-01-17,2026-01-17T00:00:00,success
fe3d19d8-881c-471c-86f0-ebcea058bc3d,silver,134.8818361,global_api,Metals.dev,,2026-01-17,2026-01-17T00:00:00,success
fe3d19d8-881c-471c-86f0-ebcea058bc3d,platinum,3498.518275,global_api,Metals.dev,,2026-01-17,2026-01-17T00:00:00,success
fe3d19d8-881c-471c-86f0-ebcea058bc3d,gold,6879.276798,global_api,Metals.dev,,2026-01-18,2026-01-18T00:00:00,success
fe3d19d8-881c-471c-86f0-ebcea058bc3d,silver,134.8818361,global_api,Metals.dev,,2026-01-18,2026-01-18T00:00:00,success
fe3d19d8-881c-471c-86f0-ebcea058bc3d,platinum,3498.518275,global_api,Metals.dev,,2026-01-18,2026-01-18T00:00:00,success
fe3d19d8-881c-471c-86f0-ebcea058bc3d,gold,6958.334575,global_api,Metals.dev,,2026-01-19,2026-01-19T00:00:00,success
fe3d19d8-881c-471c-86f0-ebcea058bc3d,silver,140.5861319,global_api,Metals.dev,,2026-01-19,2026-01-19T00:00:00,success
fe3d19d8-881c-471c-86f0-ebcea058bc3d,platinum,3699.454692,global_api,Metals.dev,,2026-01-19,2026-01-19T00:00:00,success
fe3d19d8-881c-471c-86f0-ebcea058bc3d,gold,6934.777121,global_api,Metals.dev,,2026-01-20,2026-01-20T00:00:00,success
fe3d19d8-881c-471c-86f0-ebcea058bc3d,silver,140.1101773,global_api,Metals.dev,,2026-01-20,2026-01-20T00:00:00,success
fe3d19d8-881c-471c-86f0-ebcea058bc3d,platinum,3686.930181,global_api,Metals.dev,,2026-01-20,2026-01-20T00:00:00,success
fe3d19d8-881c-471c-86f0-ebcea058bc3d,gold,7146.694673,global_api,Metals.dev,,2026-01-21,2026-01-21T00:00:00,success
fe3d19d8-881c-471c-86f0-ebcea058bc3d,silver,137.7052054,global_api,Metals.dev,,2026-01-21,2026-01-21T00:00:00,success
fe3d19d8-881c-471c-86f0-ebcea058bc3d,platinum,3664.038578,global_api,Metals.dev,,2026-01-21,2026-01-21T00:00:00,success
fe3d19d8-881c-471c-86f0-ebcea058bc3d,gold,7220.600927,global_api,Metals.dev,,2026-01-22,2026-01-22T00:00:00,success
fe3d19d8-881c-471c-86f0-ebcea058bc3d,silver,140.7065432,global_api,Metals.dev,,2026-01-22,2026-01-22T00:00:00,success
fe3d19d8-881c-471c-86f0-ebcea058bc3d,platinum,3848.685654,global_api,Metals.dev,,2026-01-22,2026-01-22T00:00:00,success
fe3d19d8-881c-471c-86f0-ebcea058bc3d,gold,7235.981546,global_api,Metals.dev,,2026-01-23,2026-01-23T00:00:00,success
fe3d19d8-881c-471c-86f0-ebcea058bc3d,silver,149.9891189,global_api,Metals.dev,,2026-01-23,2026-01-23T00:00:00,success
fe3d19d8-881c-471c-86f0-ebcea058bc3d,platinum,4030.842776,global_api,Metals.dev,,2026-01-23,2026-01-23T00:00:00,success
fe3d19d8-881c-471c-86f0-ebcea058bc3d,gold,7235.981546,global_api,Metals.dev,,2026-01-24,2026-01-24T00:00:00,success
fe3d19d8-881c-471c-86f0-ebcea058bc3d,silver,149.9891189,global_api,Metals.dev,,2026-01-24,2026-01-24T00:00:00,success
fe3d19d8-881c-471c-86f0-ebcea058bc3d,platinum,4030.842776,global_api,Metals.dev,,2026-01-24,2026-01-24T00:00:00,success
fe3d19d8-881c-471c-86f0-ebcea058bc3d,gold,7235.981546,global_api,Metals.dev,,2026-01-25,2026-01-25T00:00:00,success
fe3d19d8-881c-471c-86f0-ebcea058bc3d,silver,149.9891189,global_api,Metals.dev,,2026-01-25,2026-01-25T00:00:00,success
fe3d19d8-881c-471c-86f0-ebcea058bc3d,platinum,4030.842776,global_api,Metals.dev,,2026-01-25,2026-01-25T00:00:00,success
fe3d19d8-881c-471c-86f0-ebcea058bc3d,gold,7243.806673,global_api,Metals.dev,,2026-01-26,2026-01-26T00:00:00,success
fe3d19d8-881c-471c-86f0-ebcea058bc3d,silver,150.0100511,global_api,Metals.dev,,2026-01-26,2026-01-26T00:00:00,success
fe3d19d8-881c-471c-86f0-ebcea058bc3d,platinum,3745.400379,global_api,Metals.dev,,2026-01-26,2026-01-26T00:00:00,success
fe3d19d8-881c-471c-86f0-ebcea058bc3d,gold,7391.495099,global_api,Metals.dev,,2026-01-27,2026-01-27T00:00:00,success
fe3d19d8-881c-471c-86f0-ebcea058bc3d,silver,159.6731299,global_api,Metals.dev,,2026-01-27,2026-01-27T00:00:00,success
fe3d19d8-881c-471c-86f0-ebcea058bc3d,gold,7698.765309,global_api,Metals.dev,,2026-01-28,2026-01-28T00:00:00,success
fe3d19d8-881c-471c-86f0-ebcea058bc3d,platinum,3829.974994,global_api,Metals.dev,,2026-01-28,2026-01-28T00:00:00,success
fe3d19d8-881c-471c-86f0-ebcea058bc3d,silver,163.9967222,global_api,Metals.dev,,2026-01-29,2026-01-29T00:00:00,success
fe3d19d8-881c-471c-86f0-ebcea058bc3d,platinum,3738.258081,global_api,Metals.dev,,2026-01-29,2026-01-29T00:00:00,success
fe3d19d8-881c-471c-86f0-ebcea058bc3d,gold,7031.354581,global_api,Metals.dev,,2026-01-30,2026-01-30T00:00:00,success
fe3d19d8-881c-471c-86f0-ebcea058bc3d,silver,122.3568361,global_api,Metals.dev,,2026-01-30,2026-01-30T00:00:00,success
fe3d19d8-881c-471c-86f0-ebcea058bc3d,platinum,3101.704896,global_api,Metals.dev,,2026-01-30,2026-01-30T00:00:00,success
fe3d19d8-881c-471c-86f0-ebcea058bc3d,gold,7031.354581,global_api,Metals.dev,,2026-01-31,2026-01-31T00:00:00,success
fe3d19d8-881c-471c-86f0-ebcea058bc3d,silver,122.3568361,global_api,Metals.dev,,2026-01-31,2026-01-31T00:00:00,success
fe3d19d8-881c-471c-86f0-ebcea058bc3d,platinum,3101.704896,global_api,Metals.dev,,2026-01-31,2026-01-31T00:00:00,success
fe3d19d8-881c-471c-86f0-ebcea058bc3d,gold,7031.354581,global_api,Metals.dev,,2026-02-01,2026-02-01T00:00:00,success
fe3d19d8-881c-471c-86f0-ebcea058bc3d,silver,122.3568361,global_api,Metals.dev,,2026-02-01,2026-02-01T00:00:00,success
fe3d19d8-881c-471c-86f0-ebcea058bc3d,platinum,3101.704896,global_api,Metals.dev,,2026-02-01,2026-02-01T00:00:00,success
fe3d19d8-881c-471c-86f0-ebcea058bc3d,gold,6710.512677,global_api,Metals.dev,,2026-02-02,2026-02-02T00:00:00,success
fe3d19d8-881c-471c-86f0-ebcea058bc3d,silver,114.1780043,global_api,Metals.dev,,2026-02-02,2026-02-02T00:00:00,success
fe3d19d8-881c-471c-86f0-ebcea058bc3d,platinum,3050.889014,global_api,Metals.dev,,2026-02-02,2026-02-02T00:00:00,success
fe3d19d8-881c-471c-86f0-ebcea058bc3d,gold,7047.634312,global_api,Metals.dev,,2026-02-03,2026-02-03T00:00:00,success
fe3d19d8-881c-471c-86f0-ebcea058bc3d,silver,121.5633771,global_api,Metals.dev,,2026-02-03,2026-02-03T00:00:00,success
fe3d19d8-881c-471c-86f0-ebcea058bc3d,platinum,3158.439116,global_api,Metals.dev,,2026-02-03,2026-02-03T00:00:00,success
fe3d19d8-881c-471c-86f0-ebcea058bc3d,gold,7098.467192,global_api,Metals.dev,,2026-02-04,2026-02-04T00:00:00,success
fe3d19d8-881c-471c-86f0-ebcea058bc3d,silver,126.1038506,global_api,Metals.dev,,2026-02-04,2026-02-04T00:00:00,success
fe3d19d8-881c-471c-86f0-ebcea058bc3d,platinum,3187.064072,global_api,Metals.dev,,2026-02-04,2026-02-04T00:00:00,success
fe3d19d8-881c-471c-86f0-ebcea058bc3d,gold,6903.402117,global_api,Metals.dev,,2026-02-05,2026-02-05T00:00:00,success
fe3d19d8-881c-471c-86f0-ebcea058bc3d,silver,102.4325281,global_api,Metals.dev,,2026-02-05,2026-02-05T00:00:00,success
fe3d19d8-881c-471c-86f0-ebcea058bc3d,platinum,2880.897027,global_api,Metals.dev,,2026-02-05,2026-02-05T00:00:00,success
fe3d19d8-881c-471c-86f0-ebcea058bc3d,gold,7082.297893,global_api,Metals.dev,,2026-02-06,2026-02-06T00:00:00,success
fe3d19d8-881c-471c-86f0-ebcea058bc3d,silver,111.1955948,global_api,Metals.dev,,2026-02-06,2026-02-06T00:00:00,success
fe3d19d8-881c-471c-86f0-ebcea058bc3d,platinum,2995.165409,global_api,Metals.dev,,2026-02-06,2026-02-06T00:00:00,success
fe3d19d8-881c-471c-86f0-ebcea058bc3d,gold,7082.297893,global_api,Metals.dev,,2026-02-07,2026-02-07T00:00:00,success
fe3d19d8-881c-471c-86f0-ebcea058bc3d,silver,111.1955948,global_api,Metals.dev,,2026-02-07,2026-02-07T00:00:00,success
fe3d19d8-881c-471c-86f0-ebcea058bc3d,platinum,2995.165409,global_api,Metals.dev,,2026-02-07,2026-02-07T00:00:00,success
fe3d19d8-881c-471c-86f0-ebcea058bc3d,gold,7082.297893,global_api,Metals.dev,,2026-02-08,2026-02-08T00:00:00,success
fe3d19d8-881c-471c-86f0-ebcea058bc3d,silver,111.1955948,global_api,Metals.dev,,2026-02-08,2026-02-08T00:00:00,success
fe3d19d8-881c-471c-86f0-ebcea058bc3d,platinum,2995.165409,global_api,Metals.dev,,2026-02-08,2026-02-08T00:00:00,success
fe3d19d8-881c-471c-86f0-ebcea058bc3d,gold,7134.579848,global_api,Metals.dev,,2026-02-09,2026-02-09T00:00:00,success
fe3d19d8-881c-471c-86f0-ebcea058bc3d,silver,117.5234515,global_api,Metals.dev,,2026-02-09,2026-02-09T00:00:00,success
fe3d19d8-881c-471c-86f0-ebcea058bc3d,platinum,3001.89869,global_api,Metals.dev,,2026-02-09,2026-02-09T00:00:00,success
fe3d19d8-881c-471c-86f0-ebcea058bc3d,gold,7104.249724,global_api,Metals.dev,,2026-02-10,2026-02-10T00:00:00,success
fe3d19d8-881c-471c-86f0-ebcea058bc3d,silver,114.2062516,global_api,Metals.dev,,2026-02-10,2026-02-10T00:00:00,success
fe3d19d8-881c-471c-86f0-ebcea058bc3d,platinum,2953.421268,global_api,Metals.dev,,2026-02-10,2026-02-10T00:00:00,success
fe3d19d8-881c-471c-86f0-ebcea058bc3d,gold,7138.236037,global_api,Metals.dev,,2026-02-11,2026-02-11T00:00:00,success
fe3d19d8-881c-471c-86f0-ebcea058bc3d,silver,118.376927,global_api,Metals.dev,,2026-02-11,2026-02-11T00:00:00,success
fe3d19d8-881c-471c-86f0-ebcea058bc3d,platinum,3000.693567,global_api,Metals.dev,,2026-02-11,2026-02-11T00:00:00,success
fe3d19d8-881c-471c-86f0-ebcea058bc3d,gold,6944.047854,global_api,Metals.dev,,2026-02-12,2026-02-12T00:00:00,success
fe3d19d8-881c-471c-86f0-ebcea058bc3d,silver,106.269081,global_api,Metals.dev,,2026-02-12,2026-02-12T00:00:00,success
fe3d19d8-881c-471c-86f0-ebcea058bc3d,platinum,2819.571965,global_api,Metals.dev,,2026-02-12,2026-02-12T00:00:00,success
fe3d19d8-881c-471c-86f0-ebcea058bc3d,gold,7135.515275,global_api,Metals.dev,,2026-02-13,2026-02-13T00:00:00,success
fe3d19d8-881c-471c-86f0-ebcea058bc3d,silver,109.6002604,global_api,Metals.dev,,2026-02-13,2026-02-13T00:00:00,success
fe3d19d8-881c-471c-86f0-ebcea058bc3d,platinum,2919.778976,global_api,Metals.dev,,2026-02-13,2026-02-13T00:00:00,success
fe3d19d8-881c-471c-86f0-ebcea058bc3d,gold,7135.515275,global_api,Metals.dev,,2026-02-14,2026-02-14T00:00:00,success
fe3d19d8-881c-471c-86f0-ebcea058bc3d,silver,109.6002604,global_api,Metals.dev,,2026-02-14,2026-02-14T00:00:00,success
fe3d19d8-881c-471c-86f0-ebcea058bc3d,platinum,2919.778976,global_api,Metals.dev,,2026-02-14,2026-02-14T00:00:00,success
fe3d19d8-881c-471c-86f0-ebcea058bc3d,gold,7135.515275,global_api,Metals.dev,,2026-02-15,2026-02-15T00:00:00,success
fe3d19d8-881c-471c-86f0-ebcea058bc3d,silver,109.6002604,global_api,Metals.dev,,2026-02-15,2026-02-15T00:00:00,success
fe3d19d8-881c-471c-86f0-ebcea058bc3d,platinum,2919.778976,global_api,Metals.dev,,2026-02-15,2026-02-15T00:00:00,success
fe3d19d8-881c-471c-86f0-ebcea058bc3d,gold,7063.125203,global_api,Metals.dev,,2026-02-16,2026-02-16T00:00:00,success
fe3d19d8-881c-471c-86f0-ebcea058bc3d,silver,108.4521131,global_api,Metals.dev,,2026-02-16,2026-02-16T00:00:00,success
fe3d19d8-881c-471c-86f0-ebcea058bc3d,platinum,2843.923766,global_api,Metals.dev,,2026-02-16,2026-02-16T00:00:00,success
fe3d19d8-881c-471c-86f0-ebcea058bc3d,gold,7047.072193,global_api,Metals.dev,,2026-02-17,2026-02-17T00:00:00,success
fe3d19d8-881c-471c-86f0-ebcea058bc3d,silver,108.2056241,global_api,Metals.dev,,2026-02-17,2026-02-17T00:00:00,success
fe3d19d8-881c-471c-86f0-ebcea058bc3d,platinum,2837.46012,global_api,Metals.dev,,2026-02-17,2026-02-17T00:00:00,success
fe3d19d8-881c-471c-86f0-ebcea058bc3d,gold,7068.967476,global_api,Metals.dev,,2026-02-18,2026-02-18T00:00:00,success
fe3d19d8-881c-471c-86f0-ebcea058bc3d,silver,109.6205795,global_api,Metals.dev,,2026-02-18,2026-02-18T00:00:00,success
fe3d19d8-881c-471c-86f0-ebcea058bc3d,platinum,2939.923306,global_api,Metals.dev,,2026-02-18,2026-02-18T00:00:00,success
fe3d19d8-881c-471c-86f0-ebcea058bc3d,gold,7086.013728,global_api,Metals.dev,,2026-02-19,2026-02-19T00:00:00,success
fe3d19d8-881c-471c-86f0-ebcea058bc3d,silver,111.3535994,global_api,Metals.dev,,2026-02-19,2026-02-19T00:00:00,success
fe3d19d8-881c-471c-86f0-ebcea058bc3d,platinum,2951.270706,global_api,Metals.dev,,2026-02-19,2026-02-19T00:00:00,success
fe3d19d8-881c-471c-86f0-ebcea058bc3d,gold,7213.011861,global_api,Metals.dev,,2026-02-20,2026-02-20T00:00:00,success
fe3d19d8-881c-471c-86f0-ebcea058bc3d,silver,119.4966111,global_api,Metals.dev,,2026-02-20,2026-02-20T00:00:00,success
fe3d19d8-881c-471c-86f0-ebcea058bc3d,platinum,3045.553516,global_api,Metals.dev,,2026-02-20,2026-02-20T00:00:00,success
fe3d19d8-881c-471c-86f0-ebcea058bc3d,gold,7213.011861,global_api,Metals.dev,,2026-02-21,2026-02-21T00:00:00,success
fe3d19d8-881c-471c-86f0-ebcea058bc3d,silver,119.4966111,global_api,Metals.dev,,2026-02-21,2026-02-21T00:00:00,success
fe3d19d8-881c-471c-86f0-ebcea058bc3d,platinum,3045.553516,global_api,Metals.dev,,2026-02-21,2026-02-21T00:00:00,success
fe3d19d8-881c-471c-86f0-ebcea058bc3d,gold,7213.011861,global_api,Metals.dev,,2026-02-22,2026-02-22T00:00:00,success
fe3d19d8-881c-471c-86f0-ebcea058bc3d,silver,119.4966111,global_api,Metals.dev,,2026-02-22,2026-02-22T00:00:00,success
fe3d19d8-881c-471c-86f0-ebcea058bc3d,platinum,3045.553516,global_api,Metals.dev,,2026-02-22,2026-02-22T00:00:00,success
fe3d19d8-881c-471c-86f0-ebcea058bc3d,gold,7412.843386,global_api,Metals.dev,,2026-02-23,2026-02-23T00:00:00,success
fe3d19d8-881c-471c-86f0-ebcea058bc3d,silver,125.0682872,global_api,Metals.dev,,2026-02-23,2026-02-23T00:00:00,success
fe3d19d8-881c-471c-86f0-ebcea058bc3d,platinum,3056.969834,global_api,Metals.dev,,2026-02-23,2026-02-23T00:00:00,success
fe3d19d8-881c-471c-86f0-ebcea058bc3d,gold,7289.93651,global_api,Metals.dev,,2026-02-24,2026-02-24T00:00:00,success
fe3d19d8-881c-471c-86f0-ebcea058bc3d,silver,123.5493608,global_api,Metals.dev,,2026-02-24,2026-02-24T00:00:00,success
fe3d19d8-881c-471c-86f0-ebcea058bc3d,platinum,3061.84632,global_api,Metals.dev,,2026-02-24,2026-02-24T00:00:00,success
fe3d19d8-881c-471c-86f0-ebcea058bc3d,gold,7252.015393,global_api,Metals.dev,,2026-02-25,2026-02-25T00:00:00,success
fe3d19d8-881c-471c-86f0-ebcea058bc3d,silver,125.3160024,global_api,Metals.dev,,2026-02-25,2026-02-25T00:00:00,success
fe3d19d8-881c-471c-86f0-ebcea058bc3d,platinum,3196.539423,global_api,Metals.dev,,2026-02-25,2026-02-25T00:00:00,success
fe3d19d8-881c-471c-86f0-ebcea058bc3d,gold,7301.925054,global_api,Metals.dev,,2026-02-26,2026-02-26T00:00:00,success
fe3d19d8-881c-471c-86f0-ebcea058bc3d,silver,124.3448902,global_api,Metals.dev,,2026-02-26,2026-02-26T00:00:00,success
fe3d19d8-881c-471c-86f0-ebcea058bc3d,platinum,3211.474279,global_api,Metals.dev,,2026-02-26,2026-02-26T00:00:00,success
fe3d19d8-881c-471c-86f0-ebcea058bc3d,gold,7419.786059,global_api,Metals.dev,,2026-02-27,2026-02-27T00:00:00,success
fe3d19d8-881c-471c-86f0-ebcea058bc3d,silver,131.8466145,global_api,Metals.dev,,2026-02-27,2026-02-27T00:00:00,success
fe3d19d8-881c-471c-86f0-ebcea058bc3d,platinum,3315.950015,global_api,Metals.dev,,2026-02-27,2026-02-27T00:00:00,success
fe3d19d8-881c-471c-86f0-ebcea058bc3d,gold,7419.786059,global_api,Metals.dev,,2026-02-28,2026-02-28T00:00:00,success
fe3d19d8-881c-471c-86f0-ebcea058bc3d,silver,131.8466145,global_api,Metals.dev,,2026-02-28,2026-02-28T00:00:00,success
fe3d19d8-881c-471c-86f0-ebcea058bc3d,platinum,3315.950015,global_api,Metals.dev,,2026-02-28,2026-02-28T00:00:00,success
